global_step,phi,sync_r,is_conscious,ignition_salience,reward,broadcast_mag,valence,arousal,dominance,phi_method,phi_riiu,phi_riiu_broadcast,phi_riiu_tectum,phi_riiu_audio,levin_bioelectric_complexity,levin_morphological_adaptation,levin_collective_intelligence,levin_goal_directed,levin_basal_cognition,self_pred_mse,self_pred_skill,recon_loss,match_head_loss,match_head_acc,gate_attention,gate_stability,gate_adaptation,gate_coherence,gate_confidence,bid_vision,bid_audio,bid_memory,bid_body,bid_semantic,bid_winner,env_phase,env_trial,env_sample_shape
0,0.000000e+00,0.186240,1,1.940759e-03,-0.299342,1.199207,0.0000,0.5000,0.0000,insufficient_data,0.000000e+00,0.000000e+00,0.000000e+00,0.000000e+00,0.000000,0.000000,0.000000,0.000000,0.000000,0.000000e+00,0.000000,0.000000e+00,0.000000e+00,0.000000,0.513076,0.489388,0.012227,0.514492,0.495031,1.000000000,0.000000000,0.100000000,0.050000000,0.000000000,vision,,0,
1,0.000000e+00,0.165463,1,1.075974e-02,0.000553,1.199504,0.6000,0.6500,0.0000,skipped,0.000000e+00,0.000000e+00,0.000000e+00,0.000000e+00,0.000000,0.000000,0.000000,0.000000,0.000000,0.000000e+00,0.000000,0.000000e+00,0.000000e+00,0.000000,0.513065,0.489377,0.012227,0.514515,0.495033,1.000000000,0.000000000,0.100000000,0.050000000,0.000000000,vision,,0,
2,0.000000e+00,0.188337,1,1.468947e-02,0.000553,1.199504,0.0000,0.5000,0.0000,skipped,0.000000e+00,0.000000e+00,0.000000e+00,0.000000e+00,0.000000,0.000000,0.000000,0.000000,0.000000,0.000000e+00,0.000000,0.000000e+00,0.000000e+00,0.000000,0.513065,0.489377,0.012227,0.514515,0.495033,1.000000000,0.000000000,0.100000000,0.050000000,0.000000000,vision,,0,
3,0.000000e+00,0.189077,1,1.866964e-02,0.000553,1.199504,0.0000,0.5000,0.0000,skipped,0.000000e+00,0.000000e+00,0.000000e+00,0.000000e+00,0.000000,0.000000,0.000000,0.000000,0.000000,0.000000e+00,0.000000,0.000000e+00,0.000000e+00,0.000000,0.513065,0.489377,0.012227,0.514515,0.495033,1.000000000,0.000000000,0.100000000,0.050000000,0.000000000,vision,,0,
4,0.000000e+00,0.189848,1,2.269473e-02,0.000553,1.199504,0.0000,0.5000,0.0000,skipped,0.000000e+00,0.000000e+00,0.000000e+00,0.000000e+00,0.000000,0.000000,0.000000,0.000000,0.000000,0.000000e+00,0.000000,0.000000e+00,0.000000e+00,0.000000,0.513065,0.489377,0.012227,0.514515,0.495033,1.000000000,0.000000000,0.100000000,0.050000000,0.000000000,vision,,0,
5,3.505964e-02,0.190650,1,2.675523e-02,0.018083,1.199504,0.0000,0.5000,0.0000,proxy,0.000000e+00,0.000000e+00,0.000000e+00,0.000000e+00,0.000000,0.000000,0.000000,0.000000,0.000000,0.000000e+00,0.000000,0.000000e+00,0.000000e+00,0.000000,0.513065,0.489377,0.012227,0.514515,0.495033,1.000000000,0.000000000,0.100000000,0.050000000,0.000000000,vision,,0,
6,3.505964e-02,0.191483,1,3.083785e-02,-0.299526,1.199516,0.0000,0.5000,0.0000,skipped,0.000000e+00,0.000000e+00,0.000000e+00,0.000000e+00,0.000000,0.000000,0.000000,0.000000,0.000000,0.000000e+00,0.000000,0.000000e+00,0.000000e+00,0.000000,0.513055,0.489369,0.012227,0.514529,0.495033,1.000000000,0.000000000,0.100000000,0.050000000,0.000000000,vision,,1,
7,3.505964e-02,0.178781,1,4.346661e-02,0.000474,1.199516,0.6000,0.6500,0.0000,skipped,0.000000e+00,0.000000e+00,0.000000e+00,0.000000e+00,0.000000,0.000000,0.000000,0.000000,0.000000,0.000000e+00,0.000000,0.000000e+00,0.000000e+00,0.000000,0.513055,0.489369,0.012227,0.514529,0.495033,1.000000000,0.000000000,0.100000000,0.050000000,0.000000000,vision,,1,
8,3.505964e-02,0.194250,1,4.709513e-02,0.000474,1.199516,0.0000,0.5000,0.0000,skipped,0.000000e+00,0.000000e+00,0.000000e+00,0.000000e+00,0.000000,0.000000,0.000000,0.000000,0.000000,0.000000e+00,0.000000,0.000000e+00,0.000000e+00,0.000000,0.513055,0.489369,0.012227,0.514529,0.495033,1.000000000,0.000000000,0.100000000,0.050000000,0.000000000,vision,,1,
9,3.505964e-02,0.195200,1,5.069728e-02,0.000474,1.199516,0.0000,0.5000,0.0000,skipped,0.000000e+00,0.000000e+00,0.000000e+00,0.000000e+00,0.000000,0.000000,0.000000,0.000000,0.000000,0.000000e+00,0.000000,0.000000e+00,0.000000e+00,0.000000,0.513055,0.489369,0.012227,0.514529,0.495033,1.000000000,0.000000000,0.100000000,0.050000000,0.000000000,vision,,1,
